ndcg@3,ndcg@5,map@3,map@5
0.9041641719742115,0.9343118175474983,1.0,0.9722222222222222
